{
  "date_to_block": {},
  "metadata": {
    "0x48a18A4782b65a0fBed4dcA608BB28038B7bE339": {
      "_ts": 1762536069.8159697,
      "value": [
        "AIA",
        9
      ]
    },
    "0x289d7e6153d0F8fdFBcc701F063eCFF78500949D": {
      "_ts": 1762977159.646964,
      "value": [
        "PLAYSOLANA",
        9
      ]
    },
    "0x0A43fC31a73013089DF59194872Ecae4cAe14444": {
      "_ts": 1762977563.921462,
      "value": [
        "4",
        18
      ]
    }
  },
  "price_moralis": {},
  "first_tx_ts": {
    "0xc713b024db1fb4f683a826da6a5ec7ecfecee218": {
      "_ts": 1762536082.909975,
      "value": 1742219669
    },
    "0x88cbc58e412f7f266d519ddd185e4938cf30969a": {
      "_ts": 1762536084.4610066,
      "value": 1747194865
    },
    "0xe60b047ac7a95c24a463fefb226af6dcc1b7d4a1": {
      "_ts": 1762536086.1228495,
      "value": 1754875905
    },
    "0x7e32f1a8be6cd355ceab8e644bfb88507aaf9c73": {
      "_ts": 1762536087.727817,
      "value": 1742900960
    },
    "0xfc23e0642d6592798180f25c4067a9423eef71ea": {
      "_ts": 1762536089.5400438,
      "value": 1742900936
    },
    "0xbaa54ff9ddbbfb5f1b46d36d117a608325e5708c": {
      "_ts": 1762536091.4137383,
      "value": 1756204902
    },
    "0xf01d2a83a89bee031667eda60428f2fe5760c4c9": {
      "_ts": 1762536093.2930481,
      "value": 1749751532
    },
    "0x0bff32dbf82ea36ce90c646a17c4c740fb1eefbd": {
      "_ts": 1762536095.2353776,
      "value": 1758959744
    },
    "0xfa63cc020eb9c6f5f2f3922f1e1c178679341ce3": {
      "_ts": 1762536096.7678182,
      "value": 1756912254
    },
    "0x913b75f57f9ade5491d860be665c69f997698b97": {
      "_ts": 1762536098.2134259,
      "value": 1739986800
    },
    "0xf45e3c03d7a71444303b000edcb2c0ec29b3634c": {
      "_ts": 1762536099.7949886,
      "value": 1744354613
    },
    "0x0000000097a12210e577da41f2de99ecbd294309": {
      "_ts": 1762536101.8821194,
      "value": 1713126586
    },
    "0x9999b0cdd35d7f3b281ba02efc0d228486940515": {
      "_ts": 1762536104.3353484,
      "value": 1752635765
    },
    "0xc7fe1fbe7f74cf9a9489be3bc546e8b2ff275609": {
      "_ts": 1762536105.8557982,
      "value": 1742900936
    },
    "0xda1331de2d4710a99b38eddddf2a9441f6d98c37": {
      "_ts": 1762536107.7567792,
      "value": 1742900960
    },
    "0x53f9c90b49b88e213ccd1346dd5a90d7977e5015": {
      "_ts": 1762536109.5113857,
      "value": 1742900936
    },
    "0x56e26e14eebf7b1a780abac739350eba9e7c5cc3": {
      "_ts": 1762536111.2240038,
      "value": 1742900912
    },
    "0xbc4a4a64a89c934e46cc42817644f458e4975049": {
      "_ts": 1762536112.687111,
      "value": 1742900960
    },
    "0xaf1964ba945e5b048357c5c7228f129abbe2d79d": {
      "_ts": 1762536114.3390758,
      "value": 1759901163
    },
    "0x8260e25b96483da8989e0bf24f6130396e2df516": {
      "_ts": 1762536115.8875556,
      "value": 1761058570
    },
    "0x20581278f308063c7e07253569ebba8bf439278d": {
      "_ts": 1762536117.673287,
      "value": 1742900933
    },
    "0x0c1daae49b1b28d60a2d2d2de47bf906fda88050": {
      "_ts": 1762536119.3270283,
      "value": 1758302830
    },
    "0xfa035c4a0666afdbb5d6150aa387489349a07432": {
      "_ts": 1762536121.3189774,
      "value": 1742900936
    },
    "0x5fb36e0add1f96b37e0c27d0d830a2a1b766cf2b": {
      "_ts": 1762536123.159454,
      "value": 1742900939
    },
    "0x72ea910862ffa2ad4dc6caeec3d51c07f3cbc3c9": {
      "_ts": 1762536124.802005,
      "value": 1742900936
    },
    "0xd986a33109715410cac4eb7c3c90ff09c12bdbfc": {
      "_ts": 1762536126.7509036,
      "value": 1742900960
    },
    "0xbe9ef2f063b15cff7f143b90bd4a80170e2258bd": {
      "_ts": 1762540373.8598711,
      "value": 1746977239
    },
    "0x8528d3ed2382da2323cb262a24f9d73143c7e615": {
      "_ts": 1762540374.6531343,
      "value": 1742900936
    },
    "0x08637490f75709c0742f5f31c9e1e5cf73871427": {
      "_ts": 1762540375.5885012,
      "value": 1755528482
    },
    "0x17a1bf7e7f985f2f6119f0788308c0063d8811fe": {
      "_ts": 1762540376.2814896,
      "value": 1742900939
    },
    "0x7344521780749087660e3ec3e9de901169a82d7d": {
      "_ts": 1762540377.0399992,
      "value": 1742900936
    },
    "0x0377f44c1c9b8326117287ddd2b90b97f0081f78": {
      "_ts": 1762540377.7398765,
      "value": 1742900912
    },
    "0x5c6fa5f74eb1e15afa7fed45d6fa3165be7778f3": {
      "_ts": 1762540378.4382417,
      "value": 1742900936
    },
    "0xd6cee005e4e1fcbfaa39706d0566a06e59221799": {
      "_ts": 1762540379.1384387,
      "value": 1744354625
    },
    "0x5861d617403a1683451a96530ebb2c15f71b9953": {
      "_ts": 1762540379.8038187,
      "value": 1742900960
    },
    "0xc4507bc78166ba446c5a708f846ce6e49fe58101": {
      "_ts": 1762540380.5673776,
      "value": 1751771760
    },
    "0xb5b9cbafd4d0723c45b8e9339b687b9cccbeaa17": {
      "_ts": 1762540381.3362622,
      "value": 1742900939
    },
    "0x0583139af050d616b29c2ebc09bbfb4c7ab55d19": {
      "_ts": 1762541647.899021,
      "value": 1744354616
    },
    "0xf5545dc9294e3d4735fade5fa241a620ad4bd485": {
      "_ts": 1762541648.8070574,
      "value": 1752728631
    },
    "0xedc196e43f46a2f6cbfde2176a3a642acbf1be81": {
      "_ts": 1762541649.5671332,
      "value": 1739986236
    },
    "0x90e28ee5e457a967c76cca84007e9fe4c859f509": {
      "_ts": 1762541650.5635004,
      "value": 1742900936
    },
    "0x01e6e9ab583acbce536ff44d45564421f63e00b3": {
      "_ts": 1762541651.5200098,
      "value": 1742551008
    },
    "0xd87199a471f922a30b25c8d5fe66fb202c1094a5": {
      "_ts": 1762541652.275107,
      "value": 1742900960
    },
    "0x1b525832113aaf279645f1f94a49483614cea1aa": {
      "_ts": 1762541652.985339,
      "value": 1742900936
    },
    "0xdd0254f62d0c40944ff41a8db9bcad9ec623930f": {
      "_ts": 1762541653.7519898,
      "value": 1742900939
    },
    "0x238032b4509d7c0118fbedce9eccc178312c8d19": {
      "_ts": 1762541654.5341504,
      "value": 1761335449
    },
    "0x6c484af4a0e2cb664a3c775f693cd1157564a1bd": {
      "_ts": 1762541656.2590468,
      "value": 1742900936
    },
    "0x4d5abce0cd13517ef2e1fa5561949772680cf484": {
      "_ts": 1762541657.2212422,
      "value": 1760847136
    },
    "0x94fe21fbdf7b00422049a8d5bdfc060b8ab29f99": {
      "_ts": 1762541964.4637632,
      "value": 1762388608
    },
    "0x3048bdc7d2735a5eac01dd2a3b438e12a66704c6": {
      "_ts": 1762541966.3857446,
      "value": 1758597123
    },
    "0x2a3eaf2740c3885e09dbbbf795623ee8e9d70df1": {
      "_ts": 1762541967.8621488,
      "value": 1752756095
    },
    "0x9819f29b85e9d2a1b50572c8a9e5c8e3e302effe": {
      "_ts": 1762541969.7523286,
      "value": 1742900936
    },
    "0x5ed183aec487f748f13046fcdb154ea4484a25c0": {
      "_ts": 1762542551.199799,
      "value": 1741958467
    },
    "0x1e8003441a447db44fba570faccc27d244cfe3a0": {
      "_ts": 1762542552.615085,
      "value": 1747128560
    },
    "0xcae214dcc97572152a667d7c9c06b39d7790efea": {
      "_ts": 1762542553.3174212,
      "value": 1747150536
    },
    "0x3e19a7b6f216daf2fdafe03335812cb400de9064": {
      "_ts": 1762542554.1530092,
      "value": 1757943455
    },
    "0x1906c912bf68f847d719b134aa99c2e3f59a6f44": {
      "_ts": 1762542554.860992,
      "value": 1760550357
    },
    "0xb0fb15c2e9a6654901c37eb015923970bccce522": {
      "_ts": 1762542555.5930712,
      "value": 1677407003
    },
    "0xecfa94bbf42088034db53d7a992d4631b033a194": {
      "_ts": 1762542556.3326867,
      "value": 1759604746
    },
    "0x6b62f9e09fd035e8a2d2b3eb5fb04d917a37067c": {
      "_ts": 1762542558.1450903,
      "value": 1754820058
    },
    "0x32a91be31870a237397310c1fd16b4b748c41f90": {
      "_ts": 1762542558.9074125,
      "value": 1742900936
    },
    "0x104226ef6a70a0557abc3f6acf30d569428ecfb4": {
      "_ts": 1762542559.8898249,
      "value": 1742900939
    },
    "0x9e83d71891047aa94ed0c06b0cffcd446f950900": {
      "_ts": 1762601871.100063,
      "value": 1668956637
    },