{
  "date_to_block": {},
  "metadata": {
    "0x48a18A4782b65a0fBed4dcA608BB28038B7bE339": {
      "_ts": 1762536069.8159697,
      "value": [
        "AIA",
        9
      ]
    }
  },
  "price_moralis": {},
  "first_tx_ts": {
    "0xc713b024db1fb4f683a826da6a5ec7ecfecee218": {
      "_ts": 1762536082.909975,
      "value": 1742219669
    },
    "0x88cbc58e412f7f266d519ddd185e4938cf30969a": {
      "_ts": 1762536084.4610066,
      "value": 1747194865
    },
    "0xe60b047ac7a95c24a463fefb226af6dcc1b7d4a1": {
      "_ts": 1762536086.1228495,
      "value": 1754875905
    },
    "0x7e32f1a8be6cd355ceab8e644bfb88507aaf9c73": {
      "_ts": 1762536087.727817,
      "value": 1742900960
    },
    "0xfc23e0642d6592798180f25c4067a9423eef71ea": {
      "_ts": 1762536089.5400438,
      "value": 1742900936
    },
    "0xbaa54ff9ddbbfb5f1b46d36d117a608325e5708c": {
      "_ts": 1762536091.4137383,
      "value": 1756204902
    },
    "0xf01d2a83a89bee031667eda60428f2fe5760c4c9": {
      "_ts": 1762536093.2930481,
      "value": 1749751532
    },
    "0x0bff32dbf82ea36ce90c646a17c4c740fb1eefbd": {
      "_ts": 1762536095.2353776,
      "value": 1758959744
    },
    "0xfa63cc020eb9c6f5f2f3922f1e1c178679341ce3": {
      "_ts": 1762536096.7678182,
      "value": 1756912254
    },
    "0x913b75f57f9ade5491d860be665c69f997698b97": {
      "_ts": 1762536098.2134259,
      "value": 1739986800
    },
    "0xf45e3c03d7a71444303b000edcb2c0ec29b3634c": {
      "_ts": 1762536099.7949886,
      "value": 1744354613
    },
    "0x0000000097a12210e577da41f2de99ecbd294309": {
      "_ts": 1762536101.8821194,
      "value": 1713126586
    },
    "0x9999b0cdd35d7f3b281ba02efc0d228486940515": {
      "_ts": 1762536104.3353484,
      "value": 1752635765
    },
    "0xc7fe1fbe7f74cf9a9489be3bc546e8b2ff275609": {
      "_ts": 1762536105.8557982,
      "value": 1742900936
    },
    "0xda1331de2d4710a99b38eddddf2a9441f6d98c37": {
      "_ts": 1762536107.7567792,
      "value": 1742900960
    },
    "0x53f9c90b49b88e213ccd1346dd5a90d7977e5015": {
      "_ts": 1762536109.5113857,
      "value": 1742900936
    },
    "0x56e26e14eebf7b1a780abac739350eba9e7c5cc3": {
      "_ts": 1762536111.2240038,
      "value": 1742900912
    },
    "0xbc4a4a64a89c934e46cc42817644f458e4975049": {
      "_ts": 1762536112.687111,
      "value": 1742900960
    },
    "0xaf1964ba945e5b048357c5c7228f129abbe2d79d": {
      "_ts": 1762536114.3390758,
      "value": 1759901163
    },
    "0x8260e25b96483da8989e0bf24f6130396e2df516": {
      "_ts": 1762536115.8875556,
      "value": 1761058570
    },
    "0x20581278f308063c7e07253569ebba8bf439278d": {
      "_ts": 1762536117.673287,
      "value": 1742900933
    },
    "0x0c1daae49b1b28d60a2d2d2de47bf906fda88050": {
      "_ts": 1762536119.3270283,
      "value": 1758302830
    },
    "0xfa035c4a0666afdbb5d6150aa387489349a07432": {
      "_ts": 1762536121.3189774,
      "value": 1742900936
    },
    "0x5fb36e0add1f96b37e0c27d0d830a2a1b766cf2b": {
      "_ts": 1762536123.159454,
      "value": 1742900939
    },
    "0x72ea910862ffa2ad4dc6caeec3d51c07f3cbc3c9": {
      "_ts": 1762536124.802005,
      "value": 1742900936
    },
    "0xd986a33109715410cac4eb7c3c90ff09c12bdbfc": {
      "_ts": 1762536126.7509036,
      "value": 1742900960
    }
  },
  "balance": {
    "0xc713b024db1fb4f683a826da6a5ec7ecfecee218:0x48a18A4782b65a0fBed4dcA608BB28038B7bE339": {
      "_ts": 1762536083.659522,
      "value": 1140.747789579
    },
    "0x88cbc58e412f7f266d519ddd185e4938cf30969a:0x48a18A4782b65a0fBed4dcA608BB28038B7bE339": {
      "_ts": 1762536085.2492495,
      "value": 3825.991866481
    },
    "0xe60b047ac7a95c24a463fefb226af6dcc1b7d4a1:0x48a18A4782b65a0fBed4dcA608BB28038B7bE339": {
      "_ts": 1762536086.8677878,
      "value": 5323.463232954
    },
    "0x7e32f1a8be6cd355ceab8e644bfb88507aaf9c73:0x48a18A4782b65a0fBed4dcA608BB28038B7bE339": {
      "_ts": 1762536088.7233598,
      "value": 0.0
    },
    "0xfc23e0642d6592798180f25c4067a9423eef71ea:0x48a18A4782b65a0fBed4dcA608BB28038B7bE339": {
      "_ts": 1762536090.4745293,
      "value": 0.0
    },
    "0xbaa54ff9ddbbfb5f1b46d36d117a608325e5708c:0x48a18A4782b65a0fBed4dcA608BB28038B7bE339": {
      "_ts": 1762536092.2230442,
      "value": 0.0
    },
    "0xf01d2a83a89bee031667eda60428f2fe5760c4c9:0x48a18A4782b65a0fBed4dcA608BB28038B7bE339": {
      "_ts": 1762536094.3874426,
      "value": 809.965528156
    },
    "0x0bff32dbf82ea36ce90c646a17c4c740fb1eefbd:0x48a18A4782b65a0fBed4dcA608BB28038B7bE339": {
      "_ts": 1762536096.023935,
      "value": 295.765786501
    },
    "0xfa63cc020eb9c6f5f2f3922f1e1c178679341ce3:0x48a18A4782b65a0fBed4dcA608BB28038B7bE339": {
      "_ts": 1762536097.4996834,
      "value": 7199.202300557
    },
    "0x913b75f57f9ade5491d860be665c69f997698b97:0x48a18A4782b65a0fBed4dcA608BB28038B7bE339": {
      "_ts": 1762536098.9795136,
      "value": 0.0
    },
    "0xf45e3c03d7a71444303b000edcb2c0ec29b3634c:0x48a18A4782b65a0fBed4dcA608BB28038B7bE339": {
      "_ts": 1762536101.079691,
      "value": 0.0
    },
    "0x9999b0cdd35d7f3b281ba02efc0d228486940515:0x48a18A4782b65a0fBed4dcA608BB28038B7bE339": {
      "_ts": 1762536105.0948317,
      "value": 0.0
    },
    "0xc7fe1fbe7f74cf9a9489be3bc546e8b2ff275609:0x48a18A4782b65a0fBed4dcA608BB28038B7bE339": {
      "_ts": 1762536106.6785684,
      "value": 0.0
    },
    "0xda1331de2d4710a99b38eddddf2a9441f6d98c37:0x48a18A4782b65a0fBed4dcA608BB28038B7bE339": {
      "_ts": 1762536108.5889492,
      "value": 0.0
    },
    "0x53f9c90b49b88e213ccd1346dd5a90d7977e5015:0x48a18A4782b65a0fBed4dcA608BB28038B7bE339": {
      "_ts": 1762536110.437426,
      "value": 0.0
    },
    "0x56e26e14eebf7b1a780abac739350eba9e7c5cc3:0x48a18A4782b65a0fBed4dcA608BB28038B7bE339": {
      "_ts": 1762536111.9650042,
      "value": 0.0
    },
    "0xbc4a4a64a89c934e46cc42817644f458e4975049:0x48a18A4782b65a0fBed4dcA608BB28038B7bE339": {
      "_ts": 1762536113.4210157,
      "value": 0.0
    },
    "0xaf1964ba945e5b048357c5c7228f129abbe2d79d:0x48a18A4782b65a0fBed4dcA608BB28038B7bE339": {
      "_ts": 1762536115.1005554,
      "value": 3400.148491218
    },
    "0x8260e25b96483da8989e0bf24f6130396e2df516:0x48a18A4782b65a0fBed4dcA608BB28038B7bE339": {
      "_ts": 1762536116.7596138,
      "value": 960.0
    },
    "0x20581278f308063c7e07253569ebba8bf439278d:0x48a18A4782b65a0fBed4dcA608BB28038B7bE339": {
      "_ts": 1762536118.4213295,
      "value": 0.0
    },
    "0x0c1daae49b1b28d60a2d2d2de47bf906fda88050:0x48a18A4782b65a0fBed4dcA608BB28038B7bE339": {
      "_ts": 1762536120.3047764,
      "value": 71.183666122
    },
    "0xfa035c4a0666afdbb5d6150aa387489349a07432:0x48a18A4782b65a0fBed4dcA608BB28038B7bE339": {
      "_ts": 1762536122.264374,
      "value": 0.0
    },
    "0x5fb36e0add1f96b37e0c27d0d830a2a1b766cf2b:0x48a18A4782b65a0fBed4dcA608BB28038B7bE339": {
      "_ts": 1762536123.9649496,
      "value": 0.0
    },
    "0x72ea910862ffa2ad4dc6caeec3d51c07f3cbc3c9:0x48a18A4782b65a0fBed4dcA608BB28038B7bE339": {
      "_ts": 1762536125.8966796,
      "value": 0.0
    },
    "0xd986a33109715410cac4eb7c3c90ff09c12bdbfc:0x48a18A4782b65a0fBed4dcA608BB28038B7bE339": {
      "_ts": 1762536127.4936984,
      "value": 0.0
    }
  }
}